order_id,line_no,sku,qty,unit_price,status,ship_date,region,updated_at
SO-00001,1,SKU109,13,197.03,open,2026-08-27,APAC,2026-08-31 10:00
SO-00001,2,SKU106,12,176.92,invoiced,2026-08-07,EMEA,2026-08-31 10:00
SO-00002,1,SKU127,14,25.61,open,2026-08-18,NA,2026-08-31 10:00
SO-00003,1,SKU136,4,284.50,invoiced,2026-08-21,APAC,2026-08-31 10:00
SO-00004,1,SKU136,19,122.02,open,2026-08-02,APAC,2026-08-31 10:00
SO-00005,1,SKU118,14,47.56,open,2026-08-19,NA,2026-08-31 10:00
SO-00006,1,SKU111,4,176.57,invoiced,2026-08-07,NA,2026-08-31 10:00
SO-00006,2,SKU106,18,215.07,invoiced,2026-08-02,APAC,2026-08-31 10:00
SO-00006,3,SKU113,16,205.72,shipped,2026-08-25,NA,2026-08-31 10:00
SO-00007,1,SKU137,15,111.67,open,2026-08-26,EMEA,2026-08-31 10:00
SO-00007,2,SKU115,3,174.45,invoiced,2026-08-16,NA,2026-08-31 10:00
SO-00008,1,SKU128,10,184.64,open,2026-08-04,APAC,2026-08-31 10:00
SO-00008,2,SKU126,6,228.36,open,2026-08-16,NA,2026-08-31 10:00
SO-00008,3,SKU102,3,230.55,invoiced,2026-08-26,NA,2026-08-31 10:00
SO-00009,1,SKU122,20,151.52,shipped,2026-08-03,EMEA,2026-08-31 10:00
SO-00009,2,SKU117,16,210.63,open,2026-08-02,APAC,2026-08-31 10:00
SO-00010,1,SKU119,19,297.96,shipped,2026-08-10,APAC,2026-08-31 10:00
SO-00010,2,SKU124,12,11.66,shipped,2026-08-12,EMEA,2026-08-31 10:00
SO-00010,3,SKU139,4,150.64,open,2026-08-25,NA,2026-08-31 10:00
SO-00011,1,SKU115,13,120.33,shipped,2026-08-03,EMEA,2026-08-31 10:00
SO-00012,1,SKU125,18,86.96,open,2026-08-27,NA,2026-08-31 10:00
SO-00012,2,SKU135,9,213.39,shipped,2026-08-22,NA,2026-08-31 10:00
SO-00013,1,SKU109,3,56.98,open,2026-08-22,EMEA,2026-08-31 10:00
SO-00014,1,SKU131,19,58.79,shipped,2026-08-01,EMEA,2026-08-31 10:00
SO-00015,1,SKU134,12,184.89,shipped,2026-08-05,APAC,2026-08-31 10:00
SO-00015,2,SKU132,20,198.22,invoiced,2026-08-02,NA,2026-08-31 10:00
SO-00016,1,SKU135,13,122.43,shipped,2026-08-04,NA,2026-08-31 10:00
SO-00016,2,SKU140,13,23.36,open,2026-08-07,NA,2026-08-31 10:00
SO-00016,3,SKU110,4,105.32,open,2026-08-04,EMEA,2026-08-31 10:00
SO-00017,1,SKU109,18,34.93,shipped,2026-08-20,EMEA,2026-08-31 10:00
SO-00017,2,SKU104,7,186.15,open,2026-08-21,NA,2026-08-31 10:00
SO-00017,3,SKU122,20,112.43,open,2026-08-04,NA,2026-08-31 10:00
SO-00018,1,SKU130,16,97.00,open,2026-08-04,APAC,2026-08-31 10:00
SO-00018,2,SKU121,9,146.19,invoiced,2026-08-06,APAC,2026-08-31 10:00
SO-00019,1,SKU113,17,111.72,invoiced,2026-08-18,EMEA,2026-08-31 10:00
SO-00020,1,SKU119,3,210.38,shipped,2026-08-17,NA,2026-08-31 10:00
SO-00020,2,SKU110,12,232.72,invoiced,2026-08-18,APAC,2026-08-31 10:00
SO-00020,3,SKU121,8,185.90,open,2026-08-26,EMEA,2026-08-31 10:00
SO-00021,1,SKU114,7,157.70,shipped,2026-08-24,EMEA,2026-08-31 10:00
SO-00021,2,SKU101,9,144.31,open,2026-08-23,APAC,2026-08-31 10:00
SO-00022,1,SKU128,12,286.73,shipped,2026-08-03,EMEA,2026-08-31 10:00
SO-00022,2,SKU106,8,143.67,shipped,2026-08-07,NA,2026-08-31 10:00
SO-00023,1,SKU139,1,146.44,invoiced,2026-08-12,APAC,2026-08-31 10:00
SO-00023,2,SKU105,4,273.38,invoiced,2026-08-25,EMEA,2026-08-31 10:00
SO-00023,3,SKU130,6,133.01,invoiced,2026-08-11,EMEA,2026-08-31 10:00
SO-00024,1,SKU125,15,123.41,open,2026-08-24,EMEA,2026-08-31 10:00
SO-00024,2,SKU110,5,13.13,invoiced,2026-08-15,APAC,2026-08-31 10:00
SO-00024,3,SKU109,20,248.82,shipped,2026-08-22,NA,2026-08-31 10:00
SO-00025,1,SKU135,18,43.64,open,2026-08-26,APAC,2026-08-31 10:00
SO-00026,1,SKU106,17,226.10,open,2026-08-14,EMEA,2026-08-31 10:00
SO-00026,2,SKU113,1,79.29,shipped,2026-08-17,EMEA,2026-08-31 10:00
SO-00026,3,SKU137,11,81.51,shipped,2026-08-27,EMEA,2026-08-31 10:00
SO-00027,1,SKU122,15,200.43,invoiced,2026-08-14,APAC,2026-08-31 10:00
SO-00028,1,SKU134,5,159.43,open,2026-08-28,NA,2026-08-31 10:00
SO-00029,1,SKU138,1,233.93,open,2026-08-06,EMEA,2026-08-31 10:00
SO-00030,1,SKU139,4,169.16,shipped,2026-08-22,APAC,2026-08-31 10:00
SO-00030,2,SKU133,18,147.33,open,2026-08-18,EMEA,2026-08-31 10:00
SO-00031,1,SKU112,9,17.45,open,2026-08-17,NA,2026-08-31 10:00
SO-00032,1,SKU101,3,135.76,invoiced,2026-08-17,APAC,2026-08-31 10:00
SO-00032,2,SKU132,7,209.36,shipped,2026-08-17,APAC,2026-08-31 10:00
SO-00032,3,SKU130,17,282.74,invoiced,2026-08-17,NA,2026-08-31 10:00
SO-00033,1,SKU112,15,45.45,open,2026-08-13,NA,2026-08-31 10:00
SO-00033,2,SKU120,3,202.99,shipped,2026-08-03,EMEA,2026-08-31 10:00
SO-00033,3,SKU119,4,269.62,open,2026-08-23,APAC,2026-08-31 10:00
SO-00034,1,SKU123,5,79.67,open,2026-08-15,EMEA,2026-08-31 10:00
SO-00034,2,SKU106,13,266.06,open,2026-08-22,EMEA,2026-08-31 10:00
SO-00034,3,SKU110,14,298.25,shipped,2026-08-11,NA,2026-08-31 10:00
SO-00035,1,SKU122,11,32.20,shipped,2026-08-01,NA,2026-08-31 10:00
SO-00036,1,SKU129,15,212.43,shipped,2026-08-11,APAC,2026-08-31 10:00
SO-00036,2,SKU139,10,156.12,open,2026-08-04,EMEA,2026-08-31 10:00
SO-00036,3,SKU106,3,83.34,open,2026-08-25,EMEA,2026-08-31 10:00
SO-00037,1,SKU108,14,255.63,invoiced,2026-08-27,NA,2026-08-31 10:00
SO-00037,2,SKU125,5,163.30,invoiced,2026-08-19,NA,2026-08-31 10:00
SO-00038,1,SKU120,3,87.32,invoiced,2026-08-06,NA,2026-08-31 10:00
SO-00038,2,SKU104,9,281.81,invoiced,2026-08-03,NA,2026-08-31 10:00
SO-00038,3,SKU105,20,257.59,open,2026-08-09,EMEA,2026-08-31 10:00
SO-00039,1,SKU100,11,298.32,shipped,2026-08-09,APAC,2026-08-31 10:00
SO-00039,2,SKU108,2,160.44,open,2026-08-04,EMEA,2026-08-31 10:00
SO-00040,1,SKU103,6,64.52,shipped,2026-08-21,NA,2026-08-31 10:00
SO-00040,2,SKU133,7,90.54,invoiced,2026-08-22,EMEA,2026-08-31 10:00
SO-00041,1,SKU122,1,298.38,open,2026-08-01,EMEA,2026-08-31 10:00
SO-00041,2,SKU132,18,293.53,invoiced,2026-08-16,EMEA,2026-08-31 10:00
SO-00042,1,SKU106,14,198.67,invoiced,2026-08-27,NA,2026-08-31 10:00
SO-00042,2,SKU132,10,207.88,open,2026-08-11,EMEA,2026-08-31 10:00
SO-00043,1,SKU140,5,124.39,shipped,2026-08-02,EMEA,2026-08-31 10:00
SO-00043,2,SKU100,3,189.51,shipped,2026-08-14,EMEA,2026-08-31 10:00
SO-00043,3,SKU103,3,201.24,shipped,2026-08-28,APAC,2026-08-31 10:00
SO-00044,1,SKU118,20,76.45,shipped,2026-08-02,NA,2026-08-31 10:00
SO-00044,2,SKU111,6,84.37,open,2026-08-09,NA,2026-08-31 10:00
SO-00044,3,SKU121,18,100.44,open,2026-08-10,EMEA,2026-08-31 10:00
SO-00045,1,SKU111,1,103.92,open,2026-08-16,NA,2026-08-31 10:00
SO-00045,2,SKU132,7,78.21,open,2026-08-03,NA,2026-08-31 10:00
SO-00046,1,SKU109,13,178.11,shipped,2026-08-01,NA,2026-08-31 10:00
SO-00047,1,SKU140,8,29.92,invoiced,2026-08-28,EMEA,2026-08-31 10:00
SO-00047,2,SKU138,13,230.47,invoiced,2026-08-16,EMEA,2026-08-31 10:00
SO-00048,1,SKU139,5,17.92,invoiced,2026-08-17,APAC,2026-08-31 10:00
SO-00048,2,SKU127,17,46.10,invoiced,2026-08-25,APAC,2026-08-31 10:00
SO-00049,1,SKU101,19,240.40,invoiced,2026-08-22,APAC,2026-08-31 10:00
SO-00049,2,SKU114,3,14.19,open,2026-08-21,NA,2026-08-31 10:00
SO-00049,3,SKU106,13,251.57,invoiced,2026-08-02,APAC,2026-08-31 10:00
SO-00050,1,SKU140,18,205.80,shipped,2026-08-09,EMEA,2026-08-31 10:00
SO-00051,1,SKU104,17,269.87,open,2026-08-22,APAC,2026-08-31 10:00
SO-00051,2,SKU104,16,79.40,open,2026-08-28,NA,2026-08-31 10:00
SO-00052,1,SKU113,8,223.25,shipped,2026-08-16,NA,2026-08-31 10:00
SO-00053,1,SKU130,10,231.26,invoiced,2026-08-21,APAC,2026-08-31 10:00
SO-00054,1,SKU104,20,48.49,shipped,2026-08-21,APAC,2026-08-31 10:00
SO-00055,1,SKU119,20,172.49,open,2026-08-16,EMEA,2026-08-31 10:00
SO-00055,2,SKU131,9,291.89,open,2026-08-23,EMEA,2026-08-31 10:00
SO-00055,3,SKU131,10,214.12,shipped,2026-08-15,NA,2026-08-31 10:00
SO-00056,1,SKU107,18,63.78,open,2026-08-16,EMEA,2026-08-31 10:00
SO-00056,2,SKU118,15,27.56,invoiced,2026-08-15,NA,2026-08-31 10:00
SO-00057,1,SKU113,7,27.01,open,2026-08-05,APAC,2026-08-31 10:00
SO-00057,2,SKU133,9,286.06,open,2026-08-20,APAC,2026-08-31 10:00
SO-00058,1,SKU117,4,212.48,open,2026-08-16,NA,2026-08-31 10:00
SO-00058,2,SKU125,1,51.92,shipped,2026-08-22,NA,2026-08-31 10:00
SO-00058,3,SKU125,10,219.52,shipped,2026-08-12,NA,2026-08-31 10:00
SO-00059,1,SKU107,11,5.51,shipped,2026-08-27,NA,2026-08-31 10:00
SO-00059,2,SKU107,7,215.34,invoiced,2026-08-10,NA,2026-08-31 10:00
SO-00060,1,SKU104,13,120.10,invoiced,2026-08-03,NA,2026-08-31 10:00
SO-00060,2,SKU127,9,257.01,shipped,2026-08-04,EMEA,2026-08-31 10:00
SO-00061,1,SKU118,5,78.55,shipped,2026-08-14,APAC,2026-08-31 10:00
SO-00061,2,SKU120,7,233.09,shipped,2026-08-01,APAC,2026-08-31 10:00
SO-00061,3,SKU125,18,167.02,invoiced,2026-08-03,EMEA,2026-08-31 10:00
SO-00062,1,SKU126,15,186.40,open,2026-08-21,NA,2026-08-31 10:00
SO-00062,2,SKU131,2,274.01,invoiced,2026-08-05,EMEA,2026-08-31 10:00
SO-00062,3,SKU130,14,106.38,shipped,2026-08-09,APAC,2026-08-31 10:00
SO-00063,1,SKU116,13,198.52,shipped,2026-08-16,APAC,2026-08-31 10:00
SO-00063,2,SKU125,4,54.36,open,2026-08-03,EMEA,2026-08-31 10:00
SO-00063,3,SKU132,16,167.36,shipped,2026-08-11,NA,2026-08-31 10:00
SO-00064,1,SKU108,18,61.76,open,2026-08-06,NA,2026-08-31 10:00
SO-00064,2,SKU135,3,99.19,shipped,2026-08-09,APAC,2026-08-31 10:00
SO-00065,1,SKU101,14,117.94,invoiced,2026-08-17,EMEA,2026-08-31 10:00
SO-00066,1,SKU117,11,226.87,shipped,2026-08-09,APAC,2026-08-31 10:00
SO-00066,2,SKU123,5,207.59,invoiced,2026-08-21,EMEA,2026-08-31 10:00
SO-00067,1,SKU117,8,118.45,invoiced,2026-08-15,NA,2026-08-31 10:00
SO-00068,1,SKU101,5,14.51,invoiced,2026-08-25,NA,2026-08-31 10:00
SO-00068,2,SKU137,16,5.05,shipped,2026-08-27,APAC,2026-08-31 10:00
SO-00069,1,SKU128,8,236.02,open,2026-08-05,EMEA,2026-08-31 10:00
SO-00069,2,SKU133,4,282.74,invoiced,2026-08-23,APAC,2026-08-31 10:00
SO-00070,1,SKU105,18,234.17,open,2026-08-26,EMEA,2026-08-31 10:00
SO-00070,2,SKU114,19,276.38,invoiced,2026-08-23,NA,2026-08-31 10:00
SO-00071,1,SKU140,9,160.83,shipped,2026-08-23,EMEA,2026-08-31 10:00
SO-00072,1,SKU104,10,159.71,invoiced,2026-08-07,NA,2026-08-31 10:00
SO-00073,1,SKU114,20,5.34,invoiced,2026-08-10,NA,2026-08-31 10:00
SO-00073,2,SKU117,11,195.15,open,2026-08-16,APAC,2026-08-31 10:00
SO-00074,1,SKU135,8,13.64,shipped,2026-08-23,APAC,2026-08-31 10:00
SO-00075,1,SKU103,1,62.26,invoiced,2026-08-21,NA,2026-08-31 10:00
SO-00075,2,SKU105,9,72.21,shipped,2026-08-12,EMEA,2026-08-31 10:00
SO-00076,1,SKU102,11,216.91,shipped,2026-08-22,NA,2026-08-31 10:00
SO-00076,2,SKU112,1,240.13,invoiced,2026-08-28,APAC,2026-08-31 10:00
SO-00077,1,SKU113,16,291.11,shipped,2026-08-25,EMEA,2026-08-31 10:00
SO-00078,1,SKU129,8,83.18,shipped,2026-08-04,APAC,2026-08-31 10:00
SO-00079,1,SKU139,6,269.46,shipped,2026-08-14,APAC,2026-08-31 10:00
SO-00079,2,SKU103,20,48.18,shipped,2026-08-02,EMEA,2026-08-31 10:00
SO-00080,1,SKU138,5,127.54,invoiced,2026-08-02,EMEA,2026-08-31 10:00
SO-00081,1,SKU128,11,221.15,open,2026-08-06,NA,2026-08-31 10:00
SO-00081,2,SKU112,6,197.48,invoiced,2026-08-24,NA,2026-08-31 10:00
SO-00082,1,SKU119,13,252.54,shipped,2026-08-15,EMEA,2026-08-31 10:00
SO-00083,1,SKU100,3,87.54,shipped,2026-08-14,EMEA,2026-08-31 10:00
SO-00084,1,SKU113,13,110.21,shipped,2026-08-27,NA,2026-08-31 10:00
SO-00084,2,SKU105,2,213.05,open,2026-08-12,APAC,2026-08-31 10:00
SO-00084,3,SKU128,7,100.38,invoiced,2026-08-16,EMEA,2026-08-31 10:00
SO-00085,1,SKU126,8,244.49,shipped,2026-08-02,NA,2026-08-31 10:00
SO-00085,2,SKU102,15,23.46,open,2026-08-09,EMEA,2026-08-31 10:00
SO-00085,3,SKU104,20,105.03,shipped,2026-08-11,APAC,2026-08-31 10:00
SO-00086,1,SKU116,11,277.65,shipped,2026-08-01,APAC,2026-08-31 10:00
SO-00087,1,SKU140,3,12.16,open,2026-08-04,NA,2026-08-31 10:00
SO-00087,2,SKU129,13,237.99,shipped,2026-08-27,NA,2026-08-31 10:00
SO-00087,3,SKU108,16,58.97,invoiced,2026-08-10,APAC,2026-08-31 10:00
SO-00088,1,SKU138,8,101.70,shipped,2026-08-15,NA,2026-08-31 10:00
SO-00089,1,SKU105,17,63.21,open,2026-08-08,NA,2026-08-31 10:00
SO-00089,2,SKU104,2,147.10,invoiced,2026-08-11,EMEA,2026-08-31 10:00
SO-00089,3,SKU127,4,296.41,shipped,2026-08-20,EMEA,2026-08-31 10:00
SO-00090,1,SKU106,14,152.05,invoiced,2026-08-15,EMEA,2026-08-31 10:00
SO-00091,1,SKU108,14,140.97,invoiced,2026-08-08,APAC,2026-08-31 10:00
SO-00092,1,SKU107,10,91.67,invoiced,2026-08-09,NA,2026-08-31 10:00
SO-00092,2,SKU116,9,63.76,open,2026-08-06,EMEA,2026-08-31 10:00
SO-00092,3,SKU115,5,88.00,invoiced,2026-08-07,NA,2026-08-31 10:00
SO-00093,1,SKU125,9,297.77,invoiced,2026-08-17,EMEA,2026-08-31 10:00
SO-00094,1,SKU106,15,297.33,open,2026-08-01,NA,2026-08-31 10:00
SO-00094,2,SKU114,15,274.74,open,2026-08-10,EMEA,2026-08-31 10:00
SO-00094,3,SKU107,2,60.92,invoiced,2026-08-07,EMEA,2026-08-31 10:00
SO-00095,1,SKU132,6,137.49,shipped,2026-08-25,APAC,2026-08-31 10:00
SO-00095,2,SKU100,4,193.05,invoiced,2026-08-20,NA,2026-08-31 10:00
SO-00096,1,SKU102,12,105.30,open,2026-08-07,NA,2026-08-31 10:00
SO-00097,1,SKU138,7,245.35,shipped,2026-08-14,APAC,2026-08-31 10:00
SO-00098,1,SKU111,20,97.10,open,2026-08-02,NA,2026-08-31 10:00
SO-00098,2,SKU135,16,23.66,open,2026-08-26,NA,2026-08-31 10:00
SO-00099,1,SKU135,5,193.56,open,2026-08-21,EMEA,2026-08-31 10:00
SO-00099,2,SKU125,9,125.89,shipped,2026-08-22,NA,2026-08-31 10:00
SO-00099,3,SKU126,2,97.15,invoiced,2026-08-12,NA,2026-08-31 10:00
SO-00100,1,SKU101,12,195.12,shipped,2026-08-24,NA,2026-08-31 10:00
SO-00100,2,SKU113,1,133.08,open,2026-08-14,EMEA,2026-08-31 10:00
SO-00101,1,SKU125,19,265.44,shipped,2026-08-25,EMEA,2026-08-31 10:00
SO-00102,1,SKU100,2,167.71,invoiced,2026-08-26,NA,2026-08-31 10:00
SO-00103,1,SKU136,20,278.53,invoiced,2026-08-17,EMEA,2026-08-31 10:00
SO-00104,1,SKU122,10,52.74,open,2026-08-03,EMEA,2026-08-31 10:00
SO-00105,1,SKU131,7,93.98,open,2026-08-16,NA,2026-08-31 10:00
SO-00105,2,SKU103,20,278.22,shipped,2026-08-03,APAC,2026-08-31 10:00
SO-00106,1,SKU110,8,188.21,invoiced,2026-08-28,EMEA,2026-08-31 10:00
SO-00106,2,SKU130,6,171.80,open,2026-08-13,APAC,2026-08-31 10:00
SO-00106,3,SKU110,13,110.97,open,2026-08-08,APAC,2026-08-31 10:00
SO-00107,1,SKU102,18,253.53,invoiced,2026-08-02,APAC,2026-08-31 10:00
SO-00108,1,SKU107,13,181.86,invoiced,2026-08-28,APAC,2026-08-31 10:00
SO-00108,2,SKU119,14,95.92,open,2026-08-14,NA,2026-08-31 10:00
SO-00109,1,SKU123,15,153.56,open,2026-08-01,EMEA,2026-08-31 10:00
SO-00109,2,SKU139,16,142.26,shipped,2026-08-25,APAC,2026-08-31 10:00
SO-00109,3,SKU129,6,244.11,shipped,2026-08-04,EMEA,2026-08-31 10:00
SO-00110,1,SKU122,14,112.77,shipped,2026-08-17,APAC,2026-08-31 10:00
SO-00111,1,SKU102,2,192.75,open,2026-08-24,NA,2026-08-31 10:00
SO-00111,2,SKU132,3,21.01,invoiced,2026-08-13,APAC,2026-08-31 10:00
SO-00111,3,SKU108,1,257.84,invoiced,2026-08-24,APAC,2026-08-31 10:00
SO-00112,1,SKU112,5,294.61,shipped,2026-08-10,EMEA,2026-08-31 10:00
SO-00113,1,SKU114,3,250.75,invoiced,2026-08-25,NA,2026-08-31 10:00
SO-00113,2,SKU110,11,269.48,shipped,2026-08-27,NA,2026-08-31 10:00
SO-00113,3,SKU109,9,153.15,shipped,2026-08-07,APAC,2026-08-31 10:00
SO-00114,1,SKU139,17,75.03,shipped,2026-08-02,EMEA,2026-08-31 10:00
SO-00114,2,SKU111,13,52.56,shipped,2026-08-22,NA,2026-08-31 10:00
SO-00115,1,SKU110,9,38.95,invoiced,2026-08-02,APAC,2026-08-31 10:00
SO-00115,2,SKU123,15,168.78,invoiced,2026-08-23,EMEA,2026-08-31 10:00
SO-00116,1,SKU134,13,222.69,shipped,2026-08-09,NA,2026-08-31 10:00
SO-00116,2,SKU123,19,48.13,shipped,2026-08-25,EMEA,2026-08-31 10:00
SO-00117,1,SKU114,6,186.54,open,2026-08-10,APAC,2026-08-31 10:00
SO-00117,2,SKU116,10,193.58,invoiced,2026-08-22,NA,2026-08-31 10:00
SO-00118,1,SKU100,2,70.38,shipped,2026-08-20,APAC,2026-08-31 10:00
SO-00118,2,SKU127,14,156.24,open,2026-08-05,NA,2026-08-31 10:00
SO-00118,3,SKU114,20,197.67,open,2026-08-02,EMEA,2026-08-31 10:00
SO-00119,1,SKU122,10,36.38,shipped,2026-08-18,EMEA,2026-08-31 10:00
SO-00119,2,SKU126,19,93.84,open,2026-08-07,NA,2026-08-31 10:00
SO-00119,3,SKU139,16,51.79,open,2026-08-26,EMEA,2026-08-31 10:00
SO-00120,1,SKU109,15,33.26,invoiced,2026-08-05,APAC,2026-08-31 10:00
SO-00120,2,SKU117,13,244.41,open,2026-08-02,APAC,2026-08-31 10:00
SO-00120,3,SKU135,12,180.44,invoiced,2026-08-15,APAC,2026-08-31 10:00
SO-00121,1,SKU131,8,53.70,open,2026-08-02,EMEA,2026-08-31 10:00
SO-00121,2,SKU134,1,124.77,open,2026-08-06,EMEA,2026-08-31 10:00
SO-00121,3,SKU106,1,185.73,invoiced,2026-08-07,EMEA,2026-08-31 10:00
SO-00122,1,SKU112,17,184.38,invoiced,2026-08-21,APAC,2026-08-31 10:00
SO-00122,2,SKU126,20,56.52,shipped,2026-08-03,NA,2026-08-31 10:00
SO-00123,1,SKU103,16,216.04,open,2026-08-13,NA,2026-08-31 10:00
SO-00123,2,SKU129,3,223.82,shipped,2026-08-06,EMEA,2026-08-31 10:00
SO-00123,3,SKU106,9,73.53,open,2026-08-04,NA,2026-08-31 10:00
SO-00124,1,SKU116,2,83.47,invoiced,2026-08-22,NA,2026-08-31 10:00
SO-00124,2,SKU133,9,92.21,open,2026-08-03,APAC,2026-08-31 10:00
SO-00124,3,SKU100,6,81.81,open,2026-08-27,APAC,2026-08-31 10:00
SO-00125,1,SKU110,11,61.62,shipped,2026-08-11,APAC,2026-08-31 10:00
SO-00126,1,SKU124,18,143.50,invoiced,2026-08-23,EMEA,2026-08-31 10:00
SO-00127,1,SKU127,8,173.25,shipped,2026-08-26,EMEA,2026-08-31 10:00
SO-00128,1,SKU139,19,27.95,open,2026-08-05,EMEA,2026-08-31 10:00
SO-00128,2,SKU101,4,36.47,open,2026-08-12,EMEA,2026-08-31 10:00
SO-00129,1,SKU101,1,17.29,invoiced,2026-08-21,APAC,2026-08-31 10:00
SO-00129,2,SKU102,3,222.35,open,2026-08-28,APAC,2026-08-31 10:00
SO-00129,3,SKU123,7,246.18,invoiced,2026-08-22,EMEA,2026-08-31 10:00
SO-00130,1,SKU124,4,77.74,open,2026-08-04,EMEA,2026-08-31 10:00
SO-00130,2,SKU102,3,248.39,invoiced,2026-08-21,NA,2026-08-31 10:00
SO-00130,3,SKU130,4,44.13,invoiced,2026-08-07,NA,2026-08-31 10:00
SO-00131,1,SKU121,14,82.04,shipped,2026-08-09,NA,2026-08-31 10:00
SO-00131,2,SKU103,12,273.55,invoiced,2026-08-17,NA,2026-08-31 10:00
SO-00132,1,SKU139,1,237.77,open,2026-08-14,APAC,2026-08-31 10:00
SO-00132,2,SKU106,12,143.34,open,2026-08-18,APAC,2026-08-31 10:00
SO-00133,1,SKU105,19,246.84,open,2026-08-14,EMEA,2026-08-31 10:00
SO-00134,1,SKU112,10,229.84,open,2026-08-01,NA,2026-08-31 10:00
SO-00134,2,SKU131,4,149.99,open,2026-08-16,APAC,2026-08-31 10:00
SO-00134,3,SKU122,17,81.87,open,2026-08-10,EMEA,2026-08-31 10:00
SO-00135,1,SKU114,16,53.91,invoiced,2026-08-25,EMEA,2026-08-31 10:00
SO-00135,2,SKU131,18,237.15,invoiced,2026-08-11,NA,2026-08-31 10:00
SO-00135,3,SKU106,13,278.91,invoiced,2026-08-03,NA,2026-08-31 10:00
SO-00136,1,SKU101,12,65.80,shipped,2026-08-14,APAC,2026-08-31 10:00
SO-00136,2,SKU132,6,116.90,invoiced,2026-08-08,NA,2026-08-31 10:00
SO-00136,3,SKU108,18,180.26,invoiced,2026-08-25,APAC,2026-08-31 10:00
SO-00137,1,SKU102,12,176.57,invoiced,2026-08-05,NA,2026-08-31 10:00
SO-00137,2,SKU135,11,55.02,shipped,2026-08-23,NA,2026-08-31 10:00
SO-00137,3,SKU137,8,42.19,shipped,2026-08-21,APAC,2026-08-31 10:00
SO-00138,1,SKU132,7,83.91,invoiced,2026-08-27,APAC,2026-08-31 10:00
SO-00139,1,SKU109,8,218.33,invoiced,2026-08-17,NA,2026-08-31 10:00
SO-00140,1,SKU115,11,286.96,shipped,2026-08-24,EMEA,2026-08-31 10:00
SO-00141,1,SKU106,7,118.35,open,2026-08-26,NA,2026-08-31 10:00
SO-00142,1,SKU119,14,85.78,open,2026-08-21,EMEA,2026-08-31 10:00
SO-00142,2,SKU117,7,266.15,shipped,2026-08-02,EMEA,2026-08-31 10:00
SO-00142,3,SKU125,14,209.56,invoiced,2026-08-21,NA,2026-08-31 10:00
SO-00143,1,SKU101,5,80.88,invoiced,2026-08-13,EMEA,2026-08-31 10:00
SO-00143,2,SKU115,14,211.84,invoiced,2026-08-24,APAC,2026-08-31 10:00
SO-00144,1,SKU114,19,256.47,invoiced,2026-08-06,APAC,2026-08-31 10:00
SO-00144,2,SKU107,15,132.60,shipped,2026-08-21,APAC,2026-08-31 10:00
SO-00145,1,SKU126,8,235.80,invoiced,2026-08-23,APAC,2026-08-31 10:00
SO-00146,1,SKU116,14,147.41,open,2026-08-20,NA,2026-08-31 10:00
SO-00147,1,SKU111,11,234.56,shipped,2026-08-27,NA,2026-08-31 10:00
SO-00147,2,SKU106,2,79.11,open,2026-08-06,APAC,2026-08-31 10:00
SO-00147,3,SKU112,17,107.72,invoiced,2026-08-15,APAC,2026-08-31 10:00
SO-00148,1,SKU130,17,9.75,shipped,2026-08-17,NA,2026-08-31 10:00
SO-00149,1,SKU129,7,297.13,open,2026-08-13,APAC,2026-08-31 10:00
SO-00149,2,SKU107,20,109.86,open,2026-08-09,NA,2026-08-31 10:00
SO-00150,1,SKU125,2,8.93,shipped,2026-08-14,APAC,2026-08-31 10:00
SO-00150,2,SKU122,19,83.22,open,2026-08-10,APAC,2026-08-31 10:00
SO-00151,1,SKU133,8,298.30,shipped,2026-08-15,EMEA,2026-08-31 10:00
SO-00151,2,SKU110,5,279.18,open,2026-08-26,APAC,2026-08-31 10:00
SO-00152,1,SKU130,18,217.61,open,2026-08-12,APAC,2026-08-31 10:00
SO-00153,1,SKU126,15,298.86,invoiced,2026-08-21,EMEA,2026-08-31 10:00
SO-00153,2,SKU130,12,236.16,open,2026-08-09,APAC,2026-08-31 10:00
SO-00153,3,SKU124,9,294.95,invoiced,2026-08-06,NA,2026-08-31 10:00
SO-00154,1,SKU117,12,77.27,shipped,2026-08-11,NA,2026-08-31 10:00
SO-00155,1,SKU127,20,193.00,invoiced,2026-08-12,EMEA,2026-08-31 10:00
SO-00155,2,SKU119,13,21.83,invoiced,2026-08-11,EMEA,2026-08-31 10:00
SO-00156,1,SKU122,19,9.42,open,2026-08-07,EMEA,2026-08-31 10:00
SO-00156,2,SKU118,9,184.42,invoiced,2026-08-05,EMEA,2026-08-31 10:00
SO-00156,3,SKU111,15,107.20,open,2026-08-07,NA,2026-08-31 10:00
SO-00157,1,SKU110,20,267.88,invoiced,2026-08-26,EMEA,2026-08-31 10:00
SO-00157,2,SKU135,10,63.22,invoiced,2026-08-07,APAC,2026-08-31 10:00
SO-00157,3,SKU105,15,203.01,open,2026-08-18,EMEA,2026-08-31 10:00
SO-00158,1,SKU126,8,248.98,shipped,2026-08-16,APAC,2026-08-31 10:00
SO-00158,2,SKU103,16,142.79,open,2026-08-23,NA,2026-08-31 10:00
SO-00159,1,SKU131,6,164.17,invoiced,2026-08-01,EMEA,2026-08-31 10:00
SO-00160,1,SKU129,19,151.79,shipped,2026-08-27,NA,2026-08-31 10:00
SO-00160,2,SKU123,14,128.55,invoiced,2026-08-03,EMEA,2026-08-31 10:00
SO-00161,1,SKU123,1,11.07,open,2026-08-22,APAC,2026-08-31 10:00
SO-00161,2,SKU121,4,155.63,shipped,2026-08-25,EMEA,2026-08-31 10:00
SO-00161,3,SKU102,7,216.86,invoiced,2026-08-05,NA,2026-08-31 10:00
SO-00162,1,SKU123,11,144.99,invoiced,2026-08-18,EMEA,2026-08-31 10:00
SO-00163,1,SKU127,11,129.60,invoiced,2026-08-02,NA,2026-08-31 10:00
SO-00163,2,SKU118,12,249.18,shipped,2026-08-11,APAC,2026-08-31 10:00
SO-00164,1,SKU132,12,292.62,invoiced,2026-08-16,EMEA,2026-08-31 10:00
SO-00164,2,SKU121,7,98.54,shipped,2026-08-05,APAC,2026-08-31 10:00
SO-00165,1,SKU105,2,122.67,invoiced,2026-08-13,APAC,2026-08-31 10:00
SO-00165,2,SKU136,2,122.55,open,2026-08-01,EMEA,2026-08-31 10:00
SO-00165,3,SKU112,16,184.56,invoiced,2026-08-02,APAC,2026-08-31 10:00
SO-00166,1,SKU139,13,186.93,invoiced,2026-08-22,APAC,2026-08-31 10:00
SO-00166,2,SKU138,3,67.69,invoiced,2026-08-21,NA,2026-08-31 10:00
SO-00166,3,SKU140,6,34.90,open,2026-08-28,EMEA,2026-08-31 10:00
SO-00167,1,SKU106,1,113.82,open,2026-08-26,NA,2026-08-31 10:00
SO-00167,2,SKU135,9,259.42,open,2026-08-14,EMEA,2026-08-31 10:00
SO-00168,1,SKU101,14,172.07,invoiced,2026-08-02,NA,2026-08-31 10:00
SO-00168,2,SKU136,17,16.62,open,2026-08-25,NA,2026-08-31 10:00
SO-00169,1,SKU125,15,24.83,invoiced,2026-08-13,APAC,2026-08-31 10:00
SO-00169,2,SKU137,5,145.26,shipped,2026-08-18,EMEA,2026-08-31 10:00
SO-00169,3,SKU105,16,67.62,open,2026-08-21,EMEA,2026-08-31 10:00
SO-00170,1,SKU100,1,206.71,open,2026-08-28,EMEA,2026-08-31 10:00
SO-00170,2,SKU113,4,43.05,open,2026-08-09,APAC,2026-08-31 10:00
SO-00171,1,SKU115,15,221.40,open,2026-08-02,NA,2026-08-31 10:00
SO-00171,2,SKU109,3,91.48,invoiced,2026-08-23,NA,2026-08-31 10:00
SO-00171,3,SKU129,9,274.49,open,2026-08-23,EMEA,2026-08-31 10:00
SO-00172,1,SKU103,1,265.58,invoiced,2026-08-27,APAC,2026-08-31 10:00
SO-00173,1,SKU124,10,97.19,invoiced,2026-08-06,NA,2026-08-31 10:00
SO-00174,1,SKU103,11,113.43,invoiced,2026-08-24,NA,2026-08-31 10:00
SO-00174,2,SKU130,6,47.75,open,2026-08-12,APAC,2026-08-31 10:00
SO-00174,3,SKU110,14,145.70,shipped,2026-08-09,APAC,2026-08-31 10:00
SO-00175,1,SKU118,9,22.89,invoiced,2026-08-23,APAC,2026-08-31 10:00
SO-00175,2,SKU121,20,219.08,open,2026-08-27,EMEA,2026-08-31 10:00
SO-00176,1,SKU119,19,131.43,open,2026-08-13,NA,2026-08-31 10:00
SO-00176,2,SKU124,20,232.58,open,2026-08-26,NA,2026-08-31 10:00
SO-00176,3,SKU118,1,99.85,shipped,2026-08-14,EMEA,2026-08-31 10:00
SO-00177,1,SKU102,10,250.80,invoiced,2026-08-05,NA,2026-08-31 10:00
SO-00177,2,SKU135,16,107.32,open,2026-08-18,APAC,2026-08-31 10:00
SO-00177,3,SKU131,13,64.13,invoiced,2026-08-08,NA,2026-08-31 10:00
SO-00178,1,SKU103,13,142.27,open,2026-08-09,APAC,2026-08-31 10:00
SO-00178,2,SKU100,13,140.62,open,2026-08-18,NA,2026-08-31 10:00
SO-00178,3,SKU104,8,122.47,invoiced,2026-08-09,APAC,2026-08-31 10:00
SO-00179,1,SKU130,17,178.85,open,2026-08-07,EMEA,2026-08-31 10:00
SO-00179,2,SKU105,6,242.73,shipped,2026-08-12,APAC,2026-08-31 10:00
SO-00180,1,SKU122,13,234.99,open,2026-08-08,EMEA,2026-08-31 10:00
SO-00180,2,SKU131,12,260.58,shipped,2026-08-21,NA,2026-08-31 10:00
SO-00180,3,SKU105,5,98.16,open,2026-08-12,NA,2026-08-31 10:00
SO-00181,1,SKU138,1,32.76,open,2026-08-28,APAC,2026-08-31 10:00
SO-00181,2,SKU131,19,172.32,shipped,2026-08-25,NA,2026-08-31 10:00
SO-00181,3,SKU127,4,284.22,invoiced,2026-08-27,APAC,2026-08-31 10:00
SO-00182,1,SKU116,2,104.96,open,2026-08-13,EMEA,2026-08-31 10:00
SO-00183,1,SKU103,2,169.43,invoiced,2026-08-15,NA,2026-08-31 10:00
SO-00184,1,SKU138,13,277.04,invoiced,2026-08-03,NA,2026-08-31 10:00
SO-00185,1,SKU136,8,193.99,invoiced,2026-08-17,NA,2026-08-31 10:00
SO-00185,2,SKU111,15,255.66,shipped,2026-08-08,APAC,2026-08-31 10:00
SO-00186,1,SKU111,2,282.81,shipped,2026-08-02,APAC,2026-08-31 10:00
SO-00187,1,SKU103,9,236.98,invoiced,2026-08-24,APAC,2026-08-31 10:00
SO-00188,1,SKU103,4,47.72,open,2026-08-07,APAC,2026-08-31 10:00
SO-00188,2,SKU119,19,179.48,invoiced,2026-08-04,NA,2026-08-31 10:00
SO-00189,1,SKU123,9,120.06,shipped,2026-08-16,NA,2026-08-31 10:00
SO-00189,2,SKU110,15,75.34,open,2026-08-22,EMEA,2026-08-31 10:00
SO-00190,1,SKU112,2,51.30,open,2026-08-03,APAC,2026-08-31 10:00
SO-00190,2,SKU123,5,234.60,open,2026-08-13,EMEA,2026-08-31 10:00
SO-00191,1,SKU104,15,291.83,shipped,2026-08-27,EMEA,2026-08-31 10:00
SO-00191,2,SKU130,4,190.31,open,2026-08-11,EMEA,2026-08-31 10:00
SO-00191,3,SKU103,6,215.55,invoiced,2026-08-05,NA,2026-08-31 10:00
SO-00192,1,SKU117,14,126.48,open,2026-08-01,NA,2026-08-31 10:00
SO-00193,1,SKU118,11,242.22,shipped,2026-08-16,EMEA,2026-08-31 10:00
SO-00193,2,SKU120,15,271.43,open,2026-08-05,APAC,2026-08-31 10:00
SO-00193,3,SKU103,7,170.18,shipped,2026-08-04,NA,2026-08-31 10:00
SO-00194,1,SKU123,14,297.35,open,2026-08-08,EMEA,2026-08-31 10:00
SO-00195,1,SKU118,14,269.38,open,2026-08-27,APAC,2026-08-31 10:00
SO-00195,2,SKU118,5,293.70,open,2026-08-15,APAC,2026-08-31 10:00
SO-00196,1,SKU132,5,135.69,invoiced,2026-08-10,EMEA,2026-08-31 10:00
SO-00196,2,SKU123,14,16.96,shipped,2026-08-07,NA,2026-08-31 10:00
SO-00197,1,SKU111,5,253.79,invoiced,2026-08-25,EMEA,2026-08-31 10:00
SO-00197,2,SKU111,7,182.19,open,2026-08-20,APAC,2026-08-31 10:00
SO-00197,3,SKU131,9,56.72,open,2026-08-20,APAC,2026-08-31 10:00
SO-00198,1,SKU140,7,176.97,open,2026-08-01,EMEA,2026-08-31 10:00
SO-00198,2,SKU133,14,253.11,open,2026-08-17,NA,2026-08-31 10:00
SO-00198,3,SKU121,10,253.36,shipped,2026-08-03,EMEA,2026-08-31 10:00
SO-00199,1,SKU130,5,262.24,shipped,2026-08-08,EMEA,2026-08-31 10:00
SO-00199,2,SKU136,12,15.82,invoiced,2026-08-12,APAC,2026-08-31 10:00
SO-00200,1,SKU100,12,158.35,shipped,2026-08-17,EMEA,2026-08-31 10:00
SO-00200,2,SKU107,12,215.80,shipped,2026-08-25,APAC,2026-08-31 10:00
SO-00200,3,SKU124,19,226.64,open,2026-08-10,EMEA,2026-08-31 10:00
SO-00201,1,SKU131,15,156.43,invoiced,2026-08-26,APAC,2026-08-31 10:00
SO-00201,2,SKU108,1,76.84,open,2026-08-08,APAC,2026-08-31 10:00
SO-00201,3,SKU111,6,35.29,shipped,2026-08-18,EMEA,2026-08-31 10:00
SO-00202,1,SKU106,7,82.12,invoiced,2026-08-21,APAC,2026-08-31 10:00
SO-00203,1,SKU133,8,212.28,open,2026-08-12,EMEA,2026-08-31 10:00
SO-00203,2,SKU111,2,85.54,shipped,2026-08-16,APAC,2026-08-31 10:00
SO-00204,1,SKU117,4,41.00,shipped,2026-08-05,APAC,2026-08-31 10:00
SO-00204,2,SKU137,8,259.02,open,2026-08-22,APAC,2026-08-31 10:00
SO-00204,3,SKU129,13,53.48,open,2026-08-21,NA,2026-08-31 10:00
SO-00205,1,SKU126,20,252.72,invoiced,2026-08-02,NA,2026-08-31 10:00
SO-00205,2,SKU103,12,104.87,open,2026-08-27,NA,2026-08-31 10:00
SO-00205,3,SKU127,19,242.29,shipped,2026-08-27,NA,2026-08-31 10:00
SO-00206,1,SKU103,11,157.63,invoiced,2026-08-12,EMEA,2026-08-31 10:00
SO-00206,2,SKU127,1,112.51,invoiced,2026-08-06,EMEA,2026-08-31 10:00
SO-00206,3,SKU120,14,64.23,invoiced,2026-08-01,EMEA,2026-08-31 10:00
SO-00207,1,SKU126,13,234.09,shipped,2026-08-21,EMEA,2026-08-31 10:00
SO-00208,1,SKU102,20,83.40,invoiced,2026-08-20,NA,2026-08-31 10:00
SO-00209,1,SKU134,2,188.27,shipped,2026-08-04,APAC,2026-08-31 10:00
SO-00209,2,SKU100,14,74.81,open,2026-08-10,EMEA,2026-08-31 10:00
SO-00209,3,SKU119,12,196.02,open,2026-08-02,APAC,2026-08-31 10:00
SO-00210,1,SKU117,3,142.59,invoiced,2026-08-05,NA,2026-08-31 10:00
SO-00210,2,SKU107,17,43.75,shipped,2026-08-14,APAC,2026-08-31 10:00
SO-00210,3,SKU118,9,76.80,open,2026-08-24,APAC,2026-08-31 10:00
SO-00211,1,SKU129,20,209.98,open,2026-08-21,NA,2026-08-31 10:00
SO-00211,2,SKU112,18,214.56,shipped,2026-08-18,NA,2026-08-31 10:00
SO-00212,1,SKU130,16,246.55,open,2026-08-08,NA,2026-08-31 10:00
SO-00212,2,SKU114,7,156.17,shipped,2026-08-19,NA,2026-08-31 10:00
SO-00212,3,SKU100,12,52.88,open,2026-08-11,APAC,2026-08-31 10:00
SO-00213,1,SKU131,9,89.02,open,2026-08-10,EMEA,2026-08-31 10:00
SO-00213,2,SKU101,6,167.58,invoiced,2026-08-28,NA,2026-08-31 10:00
SO-00214,1,SKU103,17,119.43,shipped,2026-08-12,APAC,2026-08-31 10:00
SO-00214,2,SKU106,17,71.42,invoiced,2026-08-24,EMEA,2026-08-31 10:00
SO-00215,1,SKU121,12,46.40,open,2026-08-20,APAC,2026-08-31 10:00
SO-00215,2,SKU117,17,33.04,invoiced,2026-08-25,NA,2026-08-31 10:00
SO-00216,1,SKU140,5,126.84,open,2026-08-01,NA,2026-08-31 10:00
SO-00216,2,SKU135,19,39.65,shipped,2026-08-19,EMEA,2026-08-31 10:00
SO-00217,1,SKU117,20,184.16,shipped,2026-08-28,NA,2026-08-31 10:00
SO-00217,2,SKU129,10,218.30,shipped,2026-08-12,NA,2026-08-31 10:00
SO-00218,1,SKU135,20,118.43,shipped,2026-08-01,APAC,2026-08-31 10:00
SO-00218,2,SKU131,13,135.99,open,2026-08-18,NA,2026-08-31 10:00
SO-00218,3,SKU109,14,174.75,invoiced,2026-08-08,EMEA,2026-08-31 10:00
SO-00219,1,SKU120,20,252.26,shipped,2026-08-07,NA,2026-08-31 10:00
SO-00219,2,SKU100,1,19.00,invoiced,2026-08-16,NA,2026-08-31 10:00
SO-00220,1,SKU119,18,187.90,shipped,2026-08-17,APAC,2026-08-31 10:00
SO-00220,2,SKU127,13,141.95,open,2026-08-20,APAC,2026-08-31 10:00
SO-00220,3,SKU122,15,284.63,invoiced,2026-08-03,APAC,2026-08-31 10:00
SO-00221,1,SKU106,14,115.45,shipped,2026-08-21,APAC,2026-08-31 10:00
SO-00222,1,SKU109,7,289.52,shipped,2026-08-13,NA,2026-08-31 10:00
SO-00222,2,SKU139,19,106.27,invoiced,2026-08-24,EMEA,2026-08-31 10:00
SO-00222,3,SKU110,12,98.83,open,2026-08-27,NA,2026-08-31 10:00
SO-00223,1,SKU111,4,198.50,shipped,2026-08-23,NA,2026-08-31 10:00
SO-00223,2,SKU132,14,191.17,invoiced,2026-08-10,APAC,2026-08-31 10:00
SO-00223,3,SKU113,17,268.48,shipped,2026-08-06,EMEA,2026-08-31 10:00
SO-00224,1,SKU136,20,36.45,invoiced,2026-08-21,APAC,2026-08-31 10:00
SO-00224,2,SKU102,14,8.17,open,2026-08-10,APAC,2026-08-31 10:00
SO-00224,3,SKU135,1,275.52,shipped,2026-08-27,EMEA,2026-08-31 10:00
SO-00225,1,SKU100,1,63.01,shipped,2026-08-25,APAC,2026-08-31 10:00
SO-00225,2,SKU136,9,261.99,invoiced,2026-08-17,EMEA,2026-08-31 10:00
SO-00225,3,SKU136,7,126.27,open,2026-08-05,EMEA,2026-08-31 10:00
SO-00226,1,SKU132,4,13.57,open,2026-08-06,APAC,2026-08-31 10:00
SO-00226,2,SKU131,15,185.84,open,2026-08-21,EMEA,2026-08-31 10:00
SO-00226,3,SKU137,11,47.46,open,2026-08-12,NA,2026-08-31 10:00
SO-00227,1,SKU102,9,190.47,invoiced,2026-08-03,NA,2026-08-31 10:00
SO-00228,1,SKU128,20,118.77,open,2026-08-08,NA,2026-08-31 10:00
SO-00229,1,SKU102,15,21.10,open,2026-08-08,EMEA,2026-08-31 10:00
SO-00229,2,SKU102,6,279.59,open,2026-08-11,EMEA,2026-08-31 10:00
SO-00229,3,SKU129,10,128.42,shipped,2026-08-16,EMEA,2026-08-31 10:00
SO-00230,1,SKU124,19,70.31,shipped,2026-08-13,APAC,2026-08-31 10:00
SO-00231,1,SKU101,8,30.80,open,2026-08-12,NA,2026-08-31 10:00
SO-00231,2,SKU111,1,291.61,shipped,2026-08-13,APAC,2026-08-31 10:00
SO-00232,1,SKU107,11,162.46,shipped,2026-08-11,NA,2026-08-31 10:00
SO-00232,2,SKU104,4,129.57,shipped,2026-08-18,EMEA,2026-08-31 10:00
SO-00233,1,SKU112,15,88.66,open,2026-08-14,EMEA,2026-08-31 10:00
SO-00233,2,SKU117,1,105.72,open,2026-08-08,APAC,2026-08-31 10:00
SO-00234,1,SKU105,7,84.55,open,2026-08-18,NA,2026-08-31 10:00
SO-00235,1,SKU115,6,113.54,open,2026-08-24,NA,2026-08-31 10:00
SO-00235,2,SKU124,19,66.38,shipped,2026-08-17,EMEA,2026-08-31 10:00
SO-00236,1,SKU128,5,282.92,shipped,2026-08-20,NA,2026-08-31 10:00
SO-00237,1,SKU123,18,77.64,invoiced,2026-08-17,EMEA,2026-08-31 10:00
SO-00237,2,SKU108,4,204.97,open,2026-08-18,NA,2026-08-31 10:00
SO-00237,3,SKU124,1,198.97,invoiced,2026-08-05,NA,2026-08-31 10:00
SO-00238,1,SKU124,3,209.93,open,2026-08-11,EMEA,2026-08-31 10:00
SO-00239,1,SKU106,3,170.79,shipped,2026-08-26,APAC,2026-08-31 10:00
SO-00239,2,SKU119,7,24.44,shipped,2026-08-03,EMEA,2026-08-31 10:00
SO-00239,3,SKU118,5,245.97,shipped,2026-08-10,NA,2026-08-31 10:00
SO-00240,1,SKU129,5,281.34,open,2026-08-01,NA,2026-08-31 10:00
SO-00240,2,SKU122,14,12.45,invoiced,2026-08-23,NA,2026-08-31 10:00
SO-00241,1,SKU125,12,272.28,open,2026-08-06,NA,2026-08-31 10:00
SO-00242,1,SKU117,20,221.55,invoiced,2026-08-22,EMEA,2026-08-31 10:00
SO-00243,1,SKU102,20,52.79,open,2026-08-25,NA,2026-08-31 10:00
SO-00243,2,SKU109,13,222.81,invoiced,2026-08-10,APAC,2026-08-31 10:00
SO-00244,1,SKU111,19,252.64,invoiced,2026-08-16,APAC,2026-08-31 10:00
SO-00244,2,SKU133,9,278.08,invoiced,2026-08-22,APAC,2026-08-31 10:00
SO-00244,3,SKU122,1,38.00,invoiced,2026-08-10,EMEA,2026-08-31 10:00
SO-00245,1,SKU138,2,292.37,invoiced,2026-08-04,EMEA,2026-08-31 10:00
SO-00245,2,SKU120,7,234.25,shipped,2026-08-24,EMEA,2026-08-31 10:00
SO-00245,3,SKU126,13,299.44,invoiced,2026-08-27,EMEA,2026-08-31 10:00
SO-00246,1,SKU133,3,107.97,shipped,2026-08-15,NA,2026-08-31 10:00
SO-00246,2,SKU132,15,155.05,invoiced,2026-08-23,EMEA,2026-08-31 10:00
SO-00247,1,SKU132,5,149.41,open,2026-08-02,APAC,2026-08-31 10:00
SO-00247,2,SKU135,9,56.49,open,2026-08-25,APAC,2026-08-31 10:00
SO-00248,1,SKU134,9,78.66,open,2026-08-06,NA,2026-08-31 10:00
SO-00249,1,SKU126,3,64.42,shipped,2026-08-05,EMEA,2026-08-31 10:00
SO-00249,2,SKU131,16,75.17,open,2026-08-01,APAC,2026-08-31 10:00
SO-00250,1,SKU128,5,281.07,shipped,2026-08-23,NA,2026-08-31 10:00
SO-00250,2,SKU108,5,178.33,open,2026-08-11,APAC,2026-08-31 10:00
SO-00250,3,SKU107,18,130.27,open,2026-08-22,APAC,2026-08-31 10:00
SO-00251,1,SKU138,15,252.65,shipped,2026-08-27,EMEA,2026-08-31 10:00
SO-00252,1,SKU118,1,111.34,open,2026-08-02,EMEA,2026-08-31 10:00
SO-00253,1,SKU119,7,37.63,shipped,2026-08-15,EMEA,2026-08-31 10:00
SO-00253,2,SKU110,11,136.30,invoiced,2026-08-12,NA,2026-08-31 10:00
SO-00254,1,SKU135,3,18.45,shipped,2026-08-25,NA,2026-08-31 10:00
SO-00255,1,SKU121,19,83.01,invoiced,2026-08-16,NA,2026-08-31 10:00
SO-00256,1,SKU112,18,99.93,shipped,2026-08-03,APAC,2026-08-31 10:00
SO-00256,2,SKU118,20,280.90,invoiced,2026-08-23,NA,2026-08-31 10:00
SO-00257,1,SKU115,3,45.90,open,2026-08-01,NA,2026-08-31 10:00
SO-00257,2,SKU109,10,113.53,invoiced,2026-08-17,APAC,2026-08-31 10:00
SO-00257,3,SKU110,4,236.46,shipped,2026-08-24,APAC,2026-08-31 10:00
SO-00258,1,SKU124,6,195.95,shipped,2026-08-11,EMEA,2026-08-31 10:00
SO-00258,2,SKU123,5,167.58,shipped,2026-08-27,NA,2026-08-31 10:00
SO-00259,1,SKU103,2,36.63,invoiced,2026-08-27,APAC,2026-08-31 10:00
SO-00260,1,SKU103,7,150.84,shipped,2026-08-24,EMEA,2026-08-31 10:00
SO-00260,2,SKU119,20,176.43,open,2026-08-05,APAC,2026-08-31 10:00
SO-00261,1,SKU110,5,135.74,shipped,2026-08-03,EMEA,2026-08-31 10:00
SO-00262,1,SKU130,7,69.39,shipped,2026-08-01,EMEA,2026-08-31 10:00
SO-00262,2,SKU139,17,130.51,shipped,2026-08-03,APAC,2026-08-31 10:00
SO-00263,1,SKU132,14,267.73,open,2026-08-15,EMEA,2026-08-31 10:00
SO-00264,1,SKU111,6,116.75,open,2026-08-15,APAC,2026-08-31 10:00
SO-00264,2,SKU122,19,62.65,open,2026-08-18,NA,2026-08-31 10:00
SO-00264,3,SKU133,15,131.37,invoiced,2026-08-21,EMEA,2026-08-31 10:00
SO-00265,1,SKU138,20,29.02,open,2026-08-24,APAC,2026-08-31 10:00
SO-00265,2,SKU121,20,199.24,invoiced,2026-08-19,NA,2026-08-31 10:00
SO-00266,1,SKU130,5,93.30,shipped,2026-08-17,APAC,2026-08-31 10:00
SO-00266,2,SKU101,7,70.63,invoiced,2026-08-15,APAC,2026-08-31 10:00
SO-00267,1,SKU109,19,114.74,invoiced,2026-08-14,NA,2026-08-31 10:00
SO-00268,1,SKU115,19,135.20,shipped,2026-08-04,EMEA,2026-08-31 10:00
SO-00268,2,SKU111,7,166.69,open,2026-08-08,NA,2026-08-31 10:00
SO-00268,3,SKU106,7,161.58,shipped,2026-08-23,NA,2026-08-31 10:00
SO-00269,1,SKU135,15,71.83,invoiced,2026-08-23,EMEA,2026-08-31 10:00
SO-00270,1,SKU132,19,172.22,shipped,2026-08-22,EMEA,2026-08-31 10:00
SO-00270,2,SKU128,5,259.73,invoiced,2026-08-17,APAC,2026-08-31 10:00
SO-00270,3,SKU107,17,35.12,invoiced,2026-08-13,APAC,2026-08-31 10:00
SO-00271,1,SKU112,19,145.16,open,2026-08-05,NA,2026-08-31 10:00
SO-00272,1,SKU103,13,74.89,shipped,2026-08-02,EMEA,2026-08-31 10:00
SO-00272,2,SKU138,7,140.61,open,2026-08-23,EMEA,2026-08-31 10:00
SO-00272,3,SKU127,3,188.25,open,2026-08-19,EMEA,2026-08-31 10:00
SO-00273,1,SKU122,6,113.26,shipped,2026-08-26,APAC,2026-08-31 10:00
SO-00273,2,SKU100,9,41.20,shipped,2026-08-17,APAC,2026-08-31 10:00
SO-00273,3,SKU133,12,217.92,open,2026-08-27,APAC,2026-08-31 10:00
SO-00274,1,SKU106,12,166.91,invoiced,2026-08-04,EMEA,2026-08-31 10:00
SO-00274,2,SKU115,9,109.53,invoiced,2026-08-15,EMEA,2026-08-31 10:00
SO-00275,1,SKU128,4,238.40,shipped,2026-08-04,EMEA,2026-08-31 10:00
SO-00275,2,SKU116,6,49.32,shipped,2026-08-28,APAC,2026-08-31 10:00
SO-00275,3,SKU124,5,178.55,shipped,2026-08-18,APAC,2026-08-31 10:00
SO-00276,1,SKU128,1,12.30,open,2026-08-16,APAC,2026-08-31 10:00
SO-00276,2,SKU130,2,241.13,open,2026-08-03,EMEA,2026-08-31 10:00
SO-00277,1,SKU138,13,253.67,open,2026-08-23,NA,2026-08-31 10:00
SO-00277,2,SKU125,8,262.54,invoiced,2026-08-17,EMEA,2026-08-31 10:00
SO-00277,3,SKU123,11,160.84,shipped,2026-08-05,APAC,2026-08-31 10:00
SO-00278,1,SKU102,7,55.07,shipped,2026-08-24,NA,2026-08-31 10:00
SO-00278,2,SKU121,19,143.18,shipped,2026-08-11,EMEA,2026-08-31 10:00
SO-00278,3,SKU121,19,147.61,open,2026-08-01,EMEA,2026-08-31 10:00
SO-00279,1,SKU138,2,191.11,invoiced,2026-08-22,EMEA,2026-08-31 10:00
SO-00279,2,SKU117,13,85.63,invoiced,2026-08-09,NA,2026-08-31 10:00
SO-00280,1,SKU136,17,177.40,open,2026-08-23,EMEA,2026-08-31 10:00
SO-00280,2,SKU135,4,262.35,shipped,2026-08-21,APAC,2026-08-31 10:00
SO-00280,3,SKU140,4,112.06,shipped,2026-08-26,EMEA,2026-08-31 10:00
SO-00281,1,SKU104,10,289.07,shipped,2026-08-24,NA,2026-08-31 10:00
SO-00282,1,SKU140,8,108.38,invoiced,2026-08-23,NA,2026-08-31 10:00
SO-00282,2,SKU121,2,212.75,invoiced,2026-08-11,NA,2026-08-31 10:00
SO-00282,3,SKU132,12,268.79,open,2026-08-12,EMEA,2026-08-31 10:00
SO-00283,1,SKU113,1,267.19,invoiced,2026-08-15,NA,2026-08-31 10:00
SO-00284,1,SKU125,19,232.84,open,2026-08-19,EMEA,2026-08-31 10:00
SO-00284,2,SKU109,10,217.36,shipped,2026-08-24,APAC,2026-08-31 10:00
SO-00285,1,SKU121,3,276.76,invoiced,2026-08-03,APAC,2026-08-31 10:00
SO-00285,2,SKU111,10,176.24,shipped,2026-08-12,APAC,2026-08-31 10:00
SO-00285,3,SKU127,3,252.38,shipped,2026-08-06,NA,2026-08-31 10:00
SO-00286,1,SKU134,1,228.76,invoiced,2026-08-09,EMEA,2026-08-31 10:00
SO-00286,2,SKU101,7,19.07,shipped,2026-08-07,APAC,2026-08-31 10:00
SO-00287,1,SKU132,4,63.03,invoiced,2026-08-02,EMEA,2026-08-31 10:00
SO-00287,2,SKU138,2,28.40,invoiced,2026-08-11,APAC,2026-08-31 10:00
SO-00288,1,SKU100,7,84.84,invoiced,2026-08-01,APAC,2026-08-31 10:00
SO-00289,1,SKU101,7,99.86,invoiced,2026-08-01,APAC,2026-08-31 10:00
SO-00289,2,SKU131,13,184.89,shipped,2026-08-06,EMEA,2026-08-31 10:00
SO-00290,1,SKU102,3,189.76,shipped,2026-08-25,NA,2026-08-31 10:00
SO-00290,2,SKU138,13,80.82,shipped,2026-08-28,EMEA,2026-08-31 10:00
SO-00291,1,SKU120,19,197.96,shipped,2026-08-02,NA,2026-08-31 10:00
SO-00292,1,SKU121,6,32.57,open,2026-08-07,EMEA,2026-08-31 10:00
SO-00292,2,SKU133,3,110.56,shipped,2026-08-14,NA,2026-08-31 10:00
SO-00292,3,SKU134,19,260.44,open,2026-08-22,APAC,2026-08-31 10:00
SO-00293,1,SKU121,8,223.62,shipped,2026-08-27,APAC,2026-08-31 10:00
SO-00293,2,SKU130,2,233.92,shipped,2026-08-21,APAC,2026-08-31 10:00
SO-00293,3,SKU129,18,87.09,invoiced,2026-08-17,NA,2026-08-31 10:00
SO-00294,1,SKU116,1,169.65,open,2026-08-21,NA,2026-08-31 10:00
SO-00295,1,SKU140,8,123.25,open,2026-08-01,APAC,2026-08-31 10:00
SO-00296,1,SKU107,2,165.27,open,2026-08-18,EMEA,2026-08-31 10:00
SO-00297,1,SKU138,12,222.59,open,2026-08-28,APAC,2026-08-31 10:00
SO-00297,2,SKU110,17,13.57,invoiced,2026-08-08,NA,2026-08-31 10:00
SO-00298,1,SKU113,12,270.80,shipped,2026-08-15,EMEA,2026-08-31 10:00
SO-00298,2,SKU120,1,36.80,invoiced,2026-08-01,EMEA,2026-08-31 10:00
SO-00299,1,SKU125,12,22.70,invoiced,2026-08-13,NA,2026-08-31 10:00
SO-00299,2,SKU124,8,14.06,open,2026-08-09,APAC,2026-08-31 10:00
SO-00299,3,SKU127,8,73.26,open,2026-08-11,NA,2026-08-31 10:00
SO-00300,1,SKU117,10,264.43,shipped,2026-08-07,APAC,2026-08-31 10:00
SO-00300,2,SKU110,16,259.61,shipped,2026-08-25,EMEA,2026-08-31 10:00
SO-00300,3,SKU119,10,31.09,open,2026-08-16,EMEA,2026-08-31 10:00
SO-00301,1,SKU120,20,181.29,shipped,2026-08-07,APAC,2026-08-31 10:00
SO-00302,1,SKU113,12,18.63,shipped,2026-08-06,NA,2026-08-31 10:00
SO-00303,1,SKU119,1,242.48,open,2026-08-01,EMEA,2026-08-31 10:00
SO-00304,1,SKU109,17,222.12,open,2026-08-25,EMEA,2026-08-31 10:00
SO-00304,2,SKU129,13,31.62,shipped,2026-08-21,APAC,2026-08-31 10:00
SO-00305,1,SKU125,11,294.00,open,2026-08-19,EMEA,2026-08-31 10:00
SO-00305,2,SKU112,1,16.17,invoiced,2026-08-20,EMEA,2026-08-31 10:00
SO-00305,3,SKU136,14,211.04,invoiced,2026-08-01,EMEA,2026-08-31 10:00
SO-00306,1,SKU104,4,40.54,shipped,2026-08-05,APAC,2026-08-31 10:00
SO-00306,2,SKU127,1,57.80,invoiced,2026-08-18,EMEA,2026-08-31 10:00
SO-00307,1,SKU134,17,298.05,invoiced,2026-08-12,NA,2026-08-31 10:00
SO-00307,2,SKU104,12,291.29,open,2026-08-24,EMEA,2026-08-31 10:00
SO-00307,3,SKU117,6,9.49,shipped,2026-08-03,EMEA,2026-08-31 10:00
SO-00308,1,SKU132,2,125.40,invoiced,2026-08-12,NA,2026-08-31 10:00
SO-00309,1,SKU120,2,197.67,invoiced,2026-08-10,APAC,2026-08-31 10:00
SO-00310,1,SKU126,9,122.79,shipped,2026-08-18,NA,2026-08-31 10:00
SO-00310,2,SKU124,5,119.19,shipped,2026-08-14,EMEA,2026-08-31 10:00
SO-00311,1,SKU100,8,184.31,shipped,2026-08-23,APAC,2026-08-31 10:00
SO-00311,2,SKU124,8,248.54,invoiced,2026-08-04,EMEA,2026-08-31 10:00
SO-00311,3,SKU139,2,273.01,open,2026-08-13,APAC,2026-08-31 10:00
SO-00312,1,SKU120,15,166.94,shipped,2026-08-15,APAC,2026-08-31 10:00
SO-00312,2,SKU100,16,225.13,shipped,2026-08-17,NA,2026-08-31 10:00
SO-00312,3,SKU137,18,298.45,open,2026-08-27,APAC,2026-08-31 10:00
SO-00313,1,SKU124,12,215.09,shipped,2026-08-17,NA,2026-08-31 10:00
SO-00313,2,SKU139,11,26.24,invoiced,2026-08-22,EMEA,2026-08-31 10:00
SO-00313,3,SKU139,9,82.37,shipped,2026-08-28,APAC,2026-08-31 10:00
SO-00314,1,SKU133,19,145.60,open,2026-08-05,EMEA,2026-08-31 10:00
SO-00314,2,SKU133,12,159.56,invoiced,2026-08-06,NA,2026-08-31 10:00
SO-00315,1,SKU111,5,247.46,shipped,2026-08-06,APAC,2026-08-31 10:00
SO-00316,1,SKU102,11,117.47,shipped,2026-08-04,NA,2026-08-31 10:00
SO-00316,2,SKU109,9,115.67,shipped,2026-08-12,APAC,2026-08-31 10:00
SO-00316,3,SKU133,17,94.21,invoiced,2026-08-03,NA,2026-08-31 10:00
SO-00317,1,SKU118,15,210.03,shipped,2026-08-21,NA,2026-08-31 10:00
SO-00317,2,SKU111,17,49.21,invoiced,2026-08-05,NA,2026-08-31 10:00
SO-00318,1,SKU133,8,188.71,invoiced,2026-08-11,NA,2026-08-31 10:00
SO-00318,2,SKU116,1,169.08,open,2026-08-19,NA,2026-08-31 10:00
SO-00319,1,SKU137,6,95.43,invoiced,2026-08-09,NA,2026-08-31 10:00
SO-00320,1,SKU115,9,251.07,open,2026-08-17,APAC,2026-08-31 10:00
SO-00320,2,SKU131,3,64.50,shipped,2026-08-26,NA,2026-08-31 10:00
SO-00321,1,SKU123,2,216.63,shipped,2026-08-12,EMEA,2026-08-31 10:00
SO-00321,2,SKU118,14,132.14,invoiced,2026-08-26,NA,2026-08-31 10:00
SO-00321,3,SKU122,8,118.68,invoiced,2026-08-05,APAC,2026-08-31 10:00
SO-00322,1,SKU137,12,23.69,open,2026-08-11,EMEA,2026-08-31 10:00
SO-00323,1,SKU128,13,121.01,shipped,2026-08-16,APAC,2026-08-31 10:00
SO-00324,1,SKU106,19,171.23,shipped,2026-08-23,NA,2026-08-31 10:00
SO-00325,1,SKU130,6,267.65,shipped,2026-08-13,NA,2026-08-31 10:00
SO-00325,2,SKU108,17,227.08,open,2026-08-22,EMEA,2026-08-31 10:00
SO-00326,1,SKU112,13,164.79,invoiced,2026-08-10,APAC,2026-08-31 10:00
SO-00326,2,SKU121,13,232.11,open,2026-08-03,EMEA,2026-08-31 10:00
SO-00326,3,SKU104,19,246.16,open,2026-08-16,EMEA,2026-08-31 10:00
SO-00327,1,SKU136,15,21.23,invoiced,2026-08-07,APAC,2026-08-31 10:00
SO-00328,1,SKU130,2,167.36,invoiced,2026-08-14,APAC,2026-08-31 10:00
SO-00328,2,SKU108,14,245.97,invoiced,2026-08-05,NA,2026-08-31 10:00
SO-00329,1,SKU112,17,294.76,open,2026-08-18,NA,2026-08-31 10:00
SO-00329,2,SKU133,9,30.55,shipped,2026-08-09,APAC,2026-08-31 10:00
SO-00330,1,SKU135,13,155.74,shipped,2026-08-22,EMEA,2026-08-31 10:00
SO-00330,2,SKU119,10,78.31,shipped,2026-08-26,NA,2026-08-31 10:00
SO-00331,1,SKU116,10,64.59,open,2026-08-07,APAC,2026-08-31 10:00
SO-00331,2,SKU123,15,198.61,invoiced,2026-08-19,EMEA,2026-08-31 10:00
SO-00331,3,SKU123,11,64.08,invoiced,2026-08-18,APAC,2026-08-31 10:00
SO-00332,1,SKU120,1,162.26,shipped,2026-08-19,NA,2026-08-31 10:00
SO-00333,1,SKU117,8,239.85,shipped,2026-08-07,APAC,2026-08-31 10:00
SO-00334,1,SKU137,20,139.11,invoiced,2026-08-15,EMEA,2026-08-31 10:00
SO-00335,1,SKU103,6,132.95,invoiced,2026-08-04,EMEA,2026-08-31 10:00
SO-00336,1,SKU104,20,151.66,open,2026-08-24,APAC,2026-08-31 10:00
SO-00337,1,SKU110,16,70.14,invoiced,2026-08-22,APAC,2026-08-31 10:00
SO-00337,2,SKU118,7,162.66,open,2026-08-05,APAC,2026-08-31 10:00
SO-00337,3,SKU113,17,34.75,open,2026-08-07,EMEA,2026-08-31 10:00
SO-00338,1,SKU126,8,199.37,shipped,2026-08-23,NA,2026-08-31 10:00
SO-00339,1,SKU127,5,261.11,invoiced,2026-08-05,EMEA,2026-08-31 10:00
SO-00339,2,SKU110,15,91.62,open,2026-08-28,APAC,2026-08-31 10:00
SO-00339,3,SKU120,18,217.21,shipped,2026-08-09,NA,2026-08-31 10:00
SO-00340,1,SKU113,5,283.94,invoiced,2026-08-08,NA,2026-08-31 10:00
SO-00340,2,SKU102,11,117.09,invoiced,2026-08-10,EMEA,2026-08-31 10:00
SO-00340,3,SKU134,3,63.46,open,2026-08-24,EMEA,2026-08-31 10:00
SO-00341,1,SKU121,13,38.74,shipped,2026-08-04,APAC,2026-08-31 10:00
SO-00341,2,SKU113,17,160.27,shipped,2026-08-16,NA,2026-08-31 10:00
SO-00342,1,SKU131,3,64.15,shipped,2026-08-28,NA,2026-08-31 10:00
SO-00343,1,SKU137,18,228.09,open,2026-08-05,NA,2026-08-31 10:00
SO-00343,2,SKU117,8,175.74,shipped,2026-08-02,APAC,2026-08-31 10:00
SO-00343,3,SKU138,4,290.37,shipped,2026-08-07,EMEA,2026-08-31 10:00
SO-00344,1,SKU119,2,55.73,shipped,2026-08-15,NA,2026-08-31 10:00
SO-00344,2,SKU115,11,223.99,open,2026-08-04,NA,2026-08-31 10:00
SO-00344,3,SKU104,18,139.22,invoiced,2026-08-18,EMEA,2026-08-31 10:00
SO-00345,1,SKU138,13,141.11,open,2026-08-02,APAC,2026-08-31 10:00
SO-00346,1,SKU106,14,195.81,open,2026-08-14,APAC,2026-08-31 10:00
SO-00346,2,SKU122,3,115.54,invoiced,2026-08-24,EMEA,2026-08-31 10:00
SO-00346,3,SKU123,6,200.51,open,2026-08-11,EMEA,2026-08-31 10:00
SO-00347,1,SKU130,10,48.97,open,2026-08-04,EMEA,2026-08-31 10:00
SO-00347,2,SKU107,5,151.36,invoiced,2026-08-18,EMEA,2026-08-31 10:00
SO-00347,3,SKU120,15,77.56,invoiced,2026-08-18,EMEA,2026-08-31 10:00
SO-00348,1,SKU116,12,285.07,shipped,2026-08-13,APAC,2026-08-31 10:00
SO-00348,2,SKU113,5,272.98,invoiced,2026-08-28,APAC,2026-08-31 10:00
SO-00348,3,SKU132,8,267.73,open,2026-08-04,EMEA,2026-08-31 10:00
SO-00349,1,SKU136,7,208.24,open,2026-08-03,EMEA,2026-08-31 10:00
SO-00349,2,SKU109,9,299.46,shipped,2026-08-13,APAC,2026-08-31 10:00
SO-00350,1,SKU107,10,173.09,open,2026-08-03,APAC,2026-08-31 10:00
SO-00350,2,SKU137,7,74.01,invoiced,2026-08-25,APAC,2026-08-31 10:00
SO-00350,3,SKU103,8,26.55,shipped,2026-08-04,EMEA,2026-08-31 10:00
SO-00351,1,SKU139,6,245.32,shipped,2026-08-03,NA,2026-08-31 10:00
SO-00352,1,SKU111,1,98.66,shipped,2026-08-26,NA,2026-08-31 10:00
SO-00352,2,SKU102,3,237.64,open,2026-08-24,APAC,2026-08-31 10:00
SO-00352,3,SKU110,5,240.31,open,2026-08-07,EMEA,2026-08-31 10:00
SO-00353,1,SKU121,3,299.20,shipped,2026-08-02,NA,2026-08-31 10:00
SO-00354,1,SKU121,3,226.68,invoiced,2026-08-03,EMEA,2026-08-31 10:00
SO-00354,2,SKU140,2,254.49,shipped,2026-08-03,APAC,2026-08-31 10:00
SO-00354,3,SKU122,19,52.86,shipped,2026-08-22,APAC,2026-08-31 10:00
SO-00355,1,SKU108,9,249.39,shipped,2026-08-02,APAC,2026-08-31 10:00
SO-00355,2,SKU129,19,53.59,shipped,2026-08-27,APAC,2026-08-31 10:00
SO-00356,1,SKU119,19,161.84,invoiced,2026-08-04,EMEA,2026-08-31 10:00
SO-00356,2,SKU116,8,75.83,invoiced,2026-08-15,APAC,2026-08-31 10:00
SO-00356,3,SKU115,16,174.63,invoiced,2026-08-23,EMEA,2026-08-31 10:00
SO-00357,1,SKU125,11,248.60,shipped,2026-08-03,EMEA,2026-08-31 10:00
SO-00357,2,SKU121,20,271.72,shipped,2026-08-26,NA,2026-08-31 10:00
SO-00358,1,SKU119,16,183.13,open,2026-08-26,NA,2026-08-31 10:00
SO-00359,1,SKU126,20,93.34,open,2026-08-11,APAC,2026-08-31 10:00
SO-00359,2,SKU113,3,109.35,shipped,2026-08-20,EMEA,2026-08-31 10:00
SO-00360,1,SKU121,3,297.78,open,2026-08-23,NA,2026-08-31 10:00
SO-00360,2,SKU126,18,243.10,open,2026-08-07,APAC,2026-08-31 10:00
SO-00361,1,SKU102,13,247.77,open,2026-08-13,NA,2026-08-31 10:00
SO-00361,2,SKU121,5,111.90,open,2026-08-12,APAC,2026-08-31 10:00
SO-00361,3,SKU125,10,152.41,invoiced,2026-08-26,APAC,2026-08-31 10:00
SO-00362,1,SKU110,13,160.52,open,2026-08-28,EMEA,2026-08-31 10:00
SO-00363,1,SKU115,15,171.75,invoiced,2026-08-09,APAC,2026-08-31 10:00
SO-00364,1,SKU106,18,221.70,invoiced,2026-08-22,NA,2026-08-31 10:00
SO-00364,2,SKU108,9,201.56,open,2026-08-17,APAC,2026-08-31 10:00
SO-00365,1,SKU128,9,287.56,shipped,2026-08-10,APAC,2026-08-31 10:00
SO-00365,2,SKU140,13,281.66,invoiced,2026-08-02,APAC,2026-08-31 10:00
SO-00366,1,SKU131,12,209.02,open,2026-08-02,APAC,2026-08-31 10:00
SO-00366,2,SKU107,18,116.27,shipped,2026-08-25,APAC,2026-08-31 10:00
SO-00367,1,SKU138,15,15.36,shipped,2026-08-16,EMEA,2026-08-31 10:00
SO-00368,1,SKU117,5,60.36,invoiced,2026-08-17,EMEA,2026-08-31 10:00
SO-00369,1,SKU111,19,194.24,shipped,2026-08-21,EMEA,2026-08-31 10:00
SO-00369,2,SKU118,18,12.61,invoiced,2026-08-14,APAC,2026-08-31 10:00
SO-00370,1,SKU140,13,150.43,invoiced,2026-08-12,APAC,2026-08-31 10:00
SO-00371,1,SKU120,6,250.88,shipped,2026-08-27,EMEA,2026-08-31 10:00
SO-00371,2,SKU134,12,268.65,open,2026-08-17,EMEA,2026-08-31 10:00
SO-00372,1,SKU119,17,55.35,shipped,2026-08-02,APAC,2026-08-31 10:00
SO-00373,1,SKU124,12,288.83,open,2026-08-09,NA,2026-08-31 10:00
SO-00373,2,SKU130,7,188.11,shipped,2026-08-13,EMEA,2026-08-31 10:00
SO-00374,1,SKU116,12,121.22,shipped,2026-08-26,NA,2026-08-31 10:00
SO-00374,2,SKU117,4,65.17,invoiced,2026-08-15,APAC,2026-08-31 10:00
SO-00374,3,SKU126,6,234.70,shipped,2026-08-02,EMEA,2026-08-31 10:00
SO-00375,1,SKU134,16,200.10,invoiced,2026-08-14,EMEA,2026-08-31 10:00
SO-00375,2,SKU117,13,112.01,shipped,2026-08-17,NA,2026-08-31 10:00
SO-00376,1,SKU107,9,137.65,open,2026-08-02,APAC,2026-08-31 10:00
SO-00376,2,SKU136,10,109.33,shipped,2026-08-09,EMEA,2026-08-31 10:00
SO-00376,3,SKU104,18,33.44,invoiced,2026-08-22,NA,2026-08-31 10:00
SO-00377,1,SKU107,10,53.95,open,2026-08-24,APAC,2026-08-31 10:00
SO-00377,2,SKU107,13,121.38,invoiced,2026-08-27,NA,2026-08-31 10:00
SO-00377,3,SKU125,13,152.44,shipped,2026-08-12,EMEA,2026-08-31 10:00
SO-00378,1,SKU109,18,222.02,shipped,2026-08-22,NA,2026-08-31 10:00
SO-00378,2,SKU108,7,104.93,open,2026-08-14,EMEA,2026-08-31 10:00
SO-00378,3,SKU132,1,256.32,invoiced,2026-08-08,APAC,2026-08-31 10:00
SO-00379,1,SKU125,7,174.25,shipped,2026-08-26,APAC,2026-08-31 10:00
SO-00379,2,SKU108,5,70.54,open,2026-08-17,EMEA,2026-08-31 10:00
SO-00380,1,SKU102,13,264.21,open,2026-08-21,APAC,2026-08-31 10:00
SO-00380,2,SKU124,20,269.40,invoiced,2026-08-03,APAC,2026-08-31 10:00
SO-00381,1,SKU132,9,184.27,open,2026-08-10,EMEA,2026-08-31 10:00
SO-00381,2,SKU123,19,292.57,open,2026-08-12,EMEA,2026-08-31 10:00
SO-00381,3,SKU133,3,40.94,shipped,2026-08-07,EMEA,2026-08-31 10:00
SO-00382,1,SKU140,5,136.83,invoiced,2026-08-02,NA,2026-08-31 10:00
SO-00382,2,SKU137,18,180.72,open,2026-08-02,APAC,2026-08-31 10:00
SO-00383,1,SKU107,16,71.22,invoiced,2026-08-11,NA,2026-08-31 10:00
SO-00383,2,SKU133,19,72.94,invoiced,2026-08-26,EMEA,2026-08-31 10:00
SO-00384,1,SKU136,18,215.36,open,2026-08-25,EMEA,2026-08-31 10:00
SO-00384,2,SKU101,17,84.08,shipped,2026-08-03,APAC,2026-08-31 10:00
SO-00385,1,SKU105,19,38.15,shipped,2026-08-17,APAC,2026-08-31 10:00
SO-00385,2,SKU126,8,201.68,open,2026-08-26,NA,2026-08-31 10:00
SO-00386,1,SKU121,9,26.06,shipped,2026-08-19,EMEA,2026-08-31 10:00
SO-00386,2,SKU127,15,290.91,invoiced,2026-08-20,NA,2026-08-31 10:00
SO-00386,3,SKU112,11,186.63,open,2026-08-13,EMEA,2026-08-31 10:00
SO-00387,1,SKU112,3,222.12,invoiced,2026-08-01,NA,2026-08-31 10:00
SO-00387,2,SKU112,7,233.13,open,2026-08-18,APAC,2026-08-31 10:00
SO-00388,1,SKU101,20,217.26,open,2026-08-12,EMEA,2026-08-31 10:00
SO-00388,2,SKU126,1,251.46,invoiced,2026-08-24,APAC,2026-08-31 10:00
SO-00389,1,SKU134,9,169.54,invoiced,2026-08-06,APAC,2026-08-31 10:00
SO-00389,2,SKU140,11,297.48,shipped,2026-08-04,EMEA,2026-08-31 10:00
SO-00389,3,SKU111,12,129.20,open,2026-08-26,APAC,2026-08-31 10:00
SO-00390,1,SKU106,11,36.48,open,2026-08-12,NA,2026-08-31 10:00
SO-00390,2,SKU131,3,273.96,shipped,2026-08-16,EMEA,2026-08-31 10:00
SO-00391,1,SKU133,19,79.12,shipped,2026-08-07,NA,2026-08-31 10:00
SO-00392,1,SKU101,7,214.51,invoiced,2026-08-14,APAC,2026-08-31 10:00
SO-00392,2,SKU124,6,244.50,shipped,2026-08-05,EMEA,2026-08-31 10:00
SO-00393,1,SKU107,7,219.73,invoiced,2026-08-13,EMEA,2026-08-31 10:00
SO-00394,1,SKU105,15,235.21,open,2026-08-19,APAC,2026-08-31 10:00
SO-00395,1,SKU120,11,189.25,shipped,2026-08-16,APAC,2026-08-31 10:00
SO-00396,1,SKU100,8,65.31,shipped,2026-08-13,EMEA,2026-08-31 10:00
SO-00397,1,SKU137,5,283.72,shipped,2026-08-15,APAC,2026-08-31 10:00
SO-00398,1,SKU140,15,229.70,invoiced,2026-08-24,APAC,2026-08-31 10:00
SO-00398,2,SKU103,16,54.85,invoiced,2026-08-22,APAC,2026-08-31 10:00
SO-00398,3,SKU115,16,209.15,shipped,2026-08-20,EMEA,2026-08-31 10:00
SO-00399,1,SKU131,20,117.60,invoiced,2026-08-08,EMEA,2026-08-31 10:00
SO-00400,1,SKU125,19,237.48,open,2026-08-21,APAC,2026-08-31 10:00
SO-00003,1,SKU136,4,284.50,invoiced,2026-08-21,APAC,2026-08-31 10:00
